{"text": " It was dark times Harry, dark times Voldemort started to gather some followers", "segments": [{"id": 0, "seek": 0, "start": 0.0, "end": 2.0, "text": " It was dark times Harry, dark times", "tokens": [50364, 467, 390, 2877, 1413, 9378, 11, 2877, 1413, 50464], "temperature": 0.0, "avg_logprob": -0.42876947493780226, "compression_ratio": 1.0985915492957747, "no_speech_prob": 0.06352315098047256}, {"id": 1, "seek": 0, "start": 4.8, "end": 6.96, "text": " Voldemort started to gather some followers", "tokens": [50604, 48791, 443, 477, 1409, 281, 5448, 512, 13071, 50712], "temperature": 0.0, "avg_logprob": -0.42876947493780226, "compression_ratio": 1.0985915492957747, "no_speech_prob": 0.06352315098047256}], "language": "en"}